[Pair ID,pairnum,pair,chain1,resnum1,base1,base2,resnum2,chain2,hydnum,12
1,A-U,R,6,A,U,2897,R,2,Y,
2,G-C,R,7,G,C,2896,R,3,Y,
3,A-U,R,8,A,U,2895,R,1,Y,
4,U-A,R,9,U,A,2629,R,2,N,
5,A+A,R,14,A,A,13,R,1,N,
6,G-U,R,15,G,U,525,R,2,N,
7,G-U,R,16,G,U,524,R,2,N,
8,G-C,R,17,G,C,523,R,3,Y,
9,C-G,R,18,C,G,522,R,3,Y,
10,C-G,R,19,C,G,521,R,3,Y,
11,C-G,R,20,C,G,520,R,3,Y,
12,A-U,R,21,A,U,519,R,2,Y,
13,C-G,R,22,C,G,518,R,3,Y,
14,G-C,R,23,G,C,517,R,3,Y,
15,G-C,R,24,G,C,516,R,3,Y,
16,U-A,R,25,U,A,515,R,1,N,
17,G-A,R,26,G,A,514,R,2,N,
18,G-A,R,27,G,A,513,R,2,N,
19,A-G,R,28,A,G,512,R,2,N,
20,U-U,R,29,U,U,511,R,2,N,
21,G-C,R,30,G,C,510,R,3,Y,
22,C-G,R,31,C,G,474,R,3,Y,
23,C-G,R,32,C,G,473,R,3,Y,
24,U-A,R,33,U,A,447,R,2,N,
25,A-A,R,454,A,A,449,R,2,N,
26,G-C,R,35,G,C,445,R,3,Y,
27,G-C,R,36,G,C,444,R,3,Y,
28,C-G,R,37,C,G,442,R,3,Y,
29,A-U,R,38,A,U,441,R,2,Y,
30,C-G,R,39,C,G,440,R,3,Y,
31,C-G,R,40,C,G,439,R,3,Y,
32,C-G,R,41,C,G,438,R,3,Y,
33,G-C,R,43,G,C,436,R,2,Y,
34,A-U,R,44,A,U,434,R,2,Y,
35,G-C,R,45,G,C,433,R,3,Y,
36,A-G,R,182,A,G,215,R,2,N,
37,C-G,R,183,C,G,214,R,2,Y,
38,C-G,R,184,C,G,212,R,3,Y,
39,U-A,R,185,U,A,211,R,2,Y,
40,G-C,R,186,G,C,210,R,3,Y,
41,G-C,R,187,G,C,209,R,3,Y,
42,G-C,R,188,G,C,208,R,3,Y,
43,G-A,R,189,G,A,207,R,2,N,
44,A-U,R,190,A,U,206,R,2,N,
45,A+A,R,191,A,A,204,R,2,N,
46,C-C,R,192,C,C,203,R,1,N,
47,U-U,R,193,U,U,202,R,2,N,
48,G-C,R,194,G,C,201,R,3,Y,
49,A-U,R,195,A,U,200,R,1,N,
50,G-C,R,248,G,C,198,R,3,Y,
51,C-G,R,46,C,G,179,R,3,Y,
52,C-G,R,47,C,G,178,R,3,Y,
53,G-C,R,61,G,C,93,R,3,Y,
54,C-G,R,62,C,G,92,R,3,Y,
55,A+U,R,64,A,U,90,R,1,N,
56,C-G,R,65,C,G,89,R,3,Y,
57,C-G,R,66,C,G,88,R,3,Y,
58,U-A,R,67,U,A,74,R,1,Y,
59,G-U,R,68,G,U,59,R,2,N,
60,C-G,R,69,C,G,58,R,3,Y,
61,G-C,R,70,G,C,57,R,3,Y,
62,U-A,R,114,U,A,56,R,2,Y,
63,C-G,R,115,C,G,55,R,3,Y,
64,C-G,R,116,C,G,54,R,3,Y,
65,G-A,R,117,G,A,53,R,2,N,
66,A+A,R,119,A,A,52,R,2,N,
67,A-G,R,118,A,G,51,R,2,N,
68,A-U,R,49,A,U,120,R,1,N,
69,G+A,R,177,G,A,149,R,1,N,
70,G-C,R,176,G,C,150,R,3,Y,
71,C-G,R,151,C,G,175,R,3,Y,
72,G-C,R,152,G,C,174,R,2,Y,
73,C-G,R,153,C,G,173,R,3,Y,
74,G-C,R,154,G,C,172,R,3,Y,
75,C-G,R,155,C,G,171,R,2,Y,
76,G-A,R,75,G,A,111,R,2,N,
77,C-G,R,76,C,G,110,R,3,Y,
78,C-G,R,77,C,G,109,R,3,Y,
79,A-U,R,78,A,U,108,R,2,Y,
80,G-C,R,79,G,C,107,R,3,Y,
81,G-C,R,80,G,C,106,R,3,Y,
82,G-C,R,81,G,C,105,R,3,Y,
83,G-U,R,82,G,U,104,R,1,N,
84,G-A,R,83,G,A,103,R,1,N,
85,A-G,R,84,A,G,102,R,2,N,
86,G-C,R,85,G,C,97,R,3,Y,
87,C-G,R,86,C,G,96,R,3,Y,
88,C-G,R,87,C,G,95,R,3,Y,
89,C-G,R,128,C,G,123,R,3,Y,
90,C-G,R,129,C,G,122,R,3,Y,
91,C-G,R,130,C,G,121,R,3,Y,
92,G-C,R,131,G,C,148,R,3,Y,
93,G-U,R,132,G,U,147,R,2,N,
94,C-G,R,133,C,G,146,R,3,Y,
95,C-G,R,134,C,G,145,R,3,Y,
96,G-C,R,135,G,C,144,R,3,Y,
97,G-C,R,136,G,C,143,R,3,Y,
98,C-G,R,137,C,G,142,R,3,Y,
99,G-C,R,137,G,C,141,R,3,Y,
100,A+U,R,199,A,U,2431,R,1,N,
101,A-U,R,216,A,U,431,R,2,N,
102,A-G,R,222,A,G,232,R,2,N,
103,G-C,R,224,G,C,231,R,3,Y,
104,A-U,R,225,A,U,230,R,1,Y,
105,G+A,R,226,G,A,228,R,2,N,
106,A-G,R,251,A,G,247,R,2,N,
107,G-C,R,252,G,C,246,R,3,Y,
108,C-G,R,253,C,G,245,R,3,Y,
109,G-A,R,254,G,A,244,R,2,N,
110,A-U,R,255,A,U,243,R,2,N,
111,A+A,R,256,A,A,241,R,2,N,
112,A-G,R,257,A,G,240,R,2,N,
113,G-U,R,258,G,U,239,R,2,N,
114,G-C,R,259,G,C,238,R,3,Y,
115,G-C,R,260,G,C,237,R,3,Y,
116,G-C,R,261,G,C,236,R,3,Y,
117,A-U,R,262,A,U,235,R,2,Y,
118,G+C,R,430,G,C,234,R,2,N,
119,A+A,R,429,A,A,233,R,2,N,
120,G-A,R,220,G,A,428,R,2,N,
121,A-U,R,221,A,U,427,R,2,N,
122,G-C,R,266,G,C,426,R,3,Y,
123,C-G,R,267,C,G,425,R,3,Y,
124,C-G,R,268,C,G,424,R,3,Y,
125,U-G,R,269,U,G,370,R,2,N,
126,A-U,R,270,A,U,270,R,2,N,
127,A-G,R,270,A,G,270,R,2,N,
128,C-G,R,270,C,G,270,R,3,Y,
129,C-G,R,270,C,G,270,R,3,Y,
130,G-C,R,270,G,C,270,R,2,Y,
131,U-G,R,270,U,G,270,R,2,N,
132,C-G,R,270,C,G,270,R,3,Y,
133,C-G,R,270,C,G,270,R,2,Y,
134,G-C,R,270,G,C,270,R,2,Y,
135,G-C,R,270,G,C,270,R,3,Y,
136,C-G,R,270,C,G,270,R,1,N,
137,G-C,R,363,G,C,273,R,1,Y,
138,A-U,R,363,A,U,273,R,2,Y,
139,G-C,R,363,G,C,273,R,3,Y,
140,G-C,R,363,G,C,273,R,2,Y,
141,G-C,R,363,G,C,273,R,3,Y,
142,U-G,R,363,U,G,273,R,2,N,
143,C-G,R,364,C,G,273,R,2,Y,
144,C-G,R,365,C,G,272,R,3,Y,
145,G-C,R,271,G,C,366,R,3,Y,
146,C-G,R,404,C,G,271,R,3,Y,
147,G-U,R,406,G,U,421,R,2,N,
148,G-C,R,407,G,C,420,R,3,Y,
149,G-C,R,408,G,C,419,R,3,Y,
150,C-G,R,409,C,G,418,R,3,Y,
151,G-C,R,410,G,C,417,R,3,Y,
152,G-C,R,2407,G,C,416,R,3,Y,
153,U-A,R,2408,U,A,415,R,2,Y,
154,G-C,R,2409,G,C,414,R,3,Y,
155,G-C,R,2410,G,C,413,R,3,Y,
156,A-A,R,2411,A,A,412,R,1,N,
157,A-G,R,2412,A,G,2405,R,2,N,
158,G-C,R,2413,G,C,2404,R,3,Y,
159,G-C,R,2414,G,C,2403,R,3,Y,
160,G-U,R,2415,G,U,2401,R,2,N,
161,C-G,R,2416,C,G,2400,R,3,Y,
162,C-G,R,2417,C,G,2399,R,3,Y,
163,A-U,R,2418,A,U,2398,R,2,Y,
164,U-G,R,2419,U,G,2397,R,2,N,
165,C-G,R,2420,C,G,2396,R,3,Y,
166,G-C,R,2421,G,C,2395,R,3,Y,
167,A-A,R,2422,A,A,2393,R,2,N,
168,C+A,R,2424,C,A,2392,R,2,N,
169,G+G,R,2429,G,G,2391,R,2,N,
170,G-A,R,275,G,A,276,R,1,N,
171,A-U,R,278,A,U,362,R,1,Y,
172,C-G,R,279,C,G,361,R,3,Y,
173,C-G,R,280,C,G,360,R,3,Y,
174,G-A,R,281,G,A,359,R,2,N,
175,A-U,R,282,A,U,358,R,2,N,
176,U-A,R,284,U,A,357,R,2,Y,
177,C-G,R,285,C,G,356,R,3,Y,
178,C-G,R,286,C,G,355,R,3,Y,
179,C-G,R,287,C,G,354,R,3,Y,
180,C-G,R,288,C,G,353,R,3,Y,
181,A-G,R,289,A,G,351,R,2,N,
182,G-U,R,290,G,U,350,R,2,N,
183,C-G,R,291,C,G,349,R,2,Y,
184,C-G,R,292,C,G,348,R,3,Y,
185,U-A,R,293,U,A,347,R,2,Y,
186,A+A,R,345,A,A,346,R,2,N,
187,A-G,R,294,A,G,344,R,1,N,
188,G-C,R,295,G,C,343,R,3,Y,
189,C-G,R,296,C,G,342,R,3,Y,
190,C-G,R,297,C,G,341,R,3,Y,
191,G-A,R,298,G,A,340,R,2,N,
192,A-U,R,322,A,U,339,R,2,N,
193,G-C,R,323,G,C,319,R,3,Y,
194,G-C,R,333,G,C,318,R,3,Y,
195,C-G,R,334,C,G,317,R,3,Y,
196,G-C,R,301,G,C,316,R,3,Y,
197,C-G,R,302,C,G,315,R,3,Y,
198,U-A,R,303,U,A,314,R,2,Y,
199,G-C,R,304,G,C,313,R,3,Y,
200,U-G,R,305,U,G,312,R,2,N,
201,U-A,R,306,U,A,310,R,2,N,
202,G-A,R,307,G,A,330,R,1,N,
203,G+G,R,308,G,G,329,R,3,N,
204,A+A,R,501,A,A,477,R,2,N,
205,A+A,R,502,A,A,478,R,1,N,
206,A+A,R,505,A,A,480,R,2,N,
207,A+A,R,503,A,A,479,R,2,N,
208,C-G,R,509,C,G,481,R,3,Y,
209,A-G,R,324,A,G,338,R,2,N,
210,G-C,R,325,G,C,337,R,3,Y,
211,G-C,R,326,G,C,336,R,3,Y,
212,G-C,R,327,G,C,335,R,3,Y,
213,U-A,R,328,U,A,332,R,2,N,
214,C-G,R,385,C,G,411,R,3,Y,
215,U-G,R,383,U,G,391,R,1,N,
216,G-C,R,382,G,C,392,R,3,Y,
217,C-G,R,393,C,G,381,R,3,Y,
218,A-U,R,394,A,U,380,R,2,Y,
219,U-G,R,395,U,G,379,R,2,N,
220,G-C,R,396,G,C,378,R,3,Y,
221,G-C,R,397,G,C,377,R,3,Y,
222,G-C,R,398,G,C,376,R,3,Y,
223,G-C,R,399,G,C,375,R,3,Y,
224,G-A,R,400,G,A,374,R,2,N,
225,A-U,R,401,A,U,373,R,2,N,
226,A+A,R,402,A,A,423,R,1,N,
227,A+A,R,457,A,A,471,R,2,N,
228,U-A,R,459,U,A,470,R,2,N,
229,A-G,R,460,A,G,469,R,2,N,
230,C-G,R,461,C,G,468,R,3,Y,
231,C-G,R,462,C,G,467,R,3,Y,
232,G-A,R,463,G,A,466,R,1,N,
233,A-G,R,492,A,G,488,R,2,N,
234,G-C,R,493,G,C,487,R,3,Y,
235,G-C,R,494,G,C,486,R,3,Y,
236,G-C,R,495,G,C,485,R,3,Y,
237,G-C,R,496,G,C,484,R,3,Y,
238,A-A,R,497,A,A,482,R,2,N,
239,G-G,R,498,G,G,506,R,1,N,
240,A+U,R,529,A,U,2041,R,2,N,
241,G-C,R,2023,G,C,2040,R,3,Y,
242,G-C,R,2024,G,C,2039,R,3,Y,
243,C-G,R,2025,C,G,2038,R,3,Y,
244,C-G,R,2026,C,G,2037,R,3,Y,
245,G-C,R,2027,G,C,2036,R,3,Y,
246,A-U,R,2033,A,U,562,R,2,Y,
247,G+A,R,2029,G,A,572,R,2,N,
248,G-C,R,533,G,C,560,R,3,Y,
249,U-G,R,534,U,G,559,R,2,N,
250,C-G,R,535,C,G,558,R,3,Y,
251,A-U,R,536,A,U,557,R,2,Y,
252,C-G,R,537,C,G,556,R,3,Y,
253,G-U,R,539,G,U,554,R,2,N,
254,G-U,R,540,G,U,553,R,2,N,
255,C-G,R,541,C,G,552,R,3,Y,
256,C-G,R,542,C,G,551,R,3,Y,
257,C-G,R,543,C,G,550,R,3,Y,
258,C-G,R,544,C,G,549,R,3,Y,
259,G-A,R,545,G,A,548,R,2,N,
260,A-A,R,2030,A,A,567,R,1,N,
261,A-U,R,575,A,U,566,R,2,Y,
262,U-C,R,576,U,C,565,R,3,N,
263,G-C,R,577,G,C,564,R,3,Y,
264,A-G,R,578,A,G,563,R,2,N,
265,G-C,R,2018,G,C,531,R,3,Y,
266,A-G,R,2019,A,G,2035,R,2,N,
267,A-U,R,2020,A,U,2034,R,2,Y,
268,U-A,R,569,U,A,983,R,2,N,
269,C-A,R,1251,C,A,586,R,2,N,
270,A-G,R,1254,A,G,585,R,2,N,
271,G-C,R,1256,G,C,584,R,3,Y,
272,C-G,R,1257,C,G,583,R,3,Y,
273,C-G,R,1258,C,G,582,R,3,Y,
274,G-C,R,1259,G,C,581,R,3,Y,
275,G-C,R,1260,G,C,580,R,3,Y,
276,C-G,R,1261,C,G,579,R,3,Y,
277,A-U,R,1262,A,U,2017,R,2,Y,
278,U-U,R,1263,U,U,2016,R,2,N,
279,G-A,R,1264,G,A,2015,R,2,N,
280,U-A,R,747,U,A,2014,R,2,N,
281,U+A,R,2613,U,A,2013,R,2,N,
282,C+U,R,587,C,U,810,R,1,N,
283,C-G,R,671,C,G,809,R,3,Y,
284,C-G,R,672,C,G,808,R,3,Y,
285,C-U,R,673,C,U,807,R,1,N,
286,G-C,R,674,G,C,806,R,3,Y,
287,U+A,R,588,U,A,670,R,2,N,
288,C-G,R,589,C,G,668,R,3,Y,
289,A-U,R,590,A,U,667,R,2,Y,
290,C-G,R,591,C,G,666,R,3,Y,
291,G-C,R,592,G,C,665,R,3,Y,
292,G-C,R,593,G,C,664,R,3,Y,
293,U-G,R,594,U,G,663,R,2,N,
294,C-G,R,595,C,G,662,R,3,Y,
295,G-C,R,596,G,C,661,R,3,Y,
296,U-G,R,597,U,G,660,R,2,N,
297,G-C,R,598,G,C,659,R,3,Y,
298,G-C,R,599,G,C,658,R,3,Y,
299,G-U,R,600,G,U,657,R,2,N,
300,C-G,R,601,C,G,656,R,3,Y,
301,A+G,R,603,A,G,625,R,2,N,
302,G-C,R,604,G,C,624,R,3,Y,
303,C-G,R,605,C,G,623,R,3,Y,
304,U-G,R,606,U,G,622,R,2,N,
305,U+A,R,607,U,A,621,R,2,N,
306,A-G,R,609,A,G,619,R,2,N,
307,G-C,R,609,G,C,618,R,3,Y,
308,C-G,R,610,C,G,618,R,3,Y,
309,C-G,R,611,C,G,617,R,3,Y,
310,G-C,R,628,G,C,635,R,3,Y,
311,G-C,R,629,G,C,634,R,3,Y,
312,G-A,R,630,G,A,633,R,1,N,
313,A+C,R,631,A,C,2402,R,1,N,
314,A+G,R,637,A,G,651,R,2,N,
315,G-C,R,638,G,C,650,R,3,Y,
316,U-G,R,639,U,G,649,R,2,N,
317,C-G,R,640,C,G,648,R,3,Y,
318,C-G,R,641,C,G,647,R,3,Y,
319,G+A,R,642,G,A,646,R,1,N,
320,G-C,R,654,G,C,654,R,2,Y,
321,C-G,R,654,C,G,654,R,3,Y,
322,A-U,R,675,A,U,803,R,2,N,
323,A+A,R,676,A,A,802,R,2,N,
324,A+A,R,677,A,A,800,R,2,N,
325,C-G,R,678,C,G,799,R,3,Y,
326,C-G,R,679,C,G,798,R,3,Y,
327,G-C,R,680,G,C,797,R,3,Y,
328,G-C,R,681,G,C,796,R,3,Y,
329,G-C,R,682,G,C,795,R,3,Y,
330,C-G,R,683,C,G,794,R,3,Y,
331,G-C,R,775,G,C,791,R,3,Y,
332,A-U,R,777,A,U,787,R,2,Y,
333,G-C,R,778,G,C,786,R,3,Y,
334,U-G,R,779,U,G,785,R,2,N,
335,G-A,R,780,G,A,783,R,2,N,
336,G-A,R,686,G,A,788,R,2,N,
337,C-A,R,687,C,A,1780,R,2,N,
338,U+A,R,688,U,A,685,R,2,N,
339,A-U,R,689,A,U,773,R,2,Y,
340,G-C,R,690,G,C,772,R,3,Y,
341,C-G,R,691,C,G,771,R,3,Y,
342,C-G,R,692,C,G,770,R,3,Y,
343,C-G,R,693,C,G,769,R,3,Y,
344,U-G,R,694,U,G,768,R,2,N,
345,G-U,R,695,G,U,767,R,2,N,
346,G-C,R,696,G,C,766,R,3,Y,
347,C-G,R,697,C,G,765,R,3,Y,
348,C-G,R,698,C,G,763,R,3,Y,
349,A-U,R,716,A,U,714,R,3,N,
350,A-G,R,718,A,G,713,R,1,N,
351,C-G,R,719,C,G,712,R,3,Y,
352,C-G,R,720,C,G,711,R,3,Y,
353,C-G,R,721,C,G,710,R,3,Y,
354,A-U,R,722,A,U,709,R,2,Y,
355,G-C,R,723,G,C,708,R,3,Y,
356,U-G,R,724,U,G,707,R,2,N,
357,G-A,R,725,G,A,706,R,2,N,
358,G-A,R,726,G,A,705,R,2,N,
359,A-G,R,727,A,G,704,R,2,N,
360,G-U,R,728,G,U,703,R,2,N,
361,C-G,R,730,C,G,702,R,3,Y,
362,C-G,R,731,C,G,701,R,3,Y,
363,C-G,R,732,C,G,700,R,3,Y,
364,G-A,R,733,G,A,699,R,2,N,
365,A-A,R,735,A,A,761,R,2,N,
366,C-G,R,736,C,G,760,R,3,Y,
367,C-G,R,737,C,G,759,R,3,Y,
368,G-C,R,738,G,C,758,R,3,Y,
369,U-U,R,740,U,U,757,R,2,N,
370,G-C,R,741,G,C,756,R,3,Y,
371,G-C,R,742,G,C,755,R,3,Y,
372,G-C,R,743,G,C,754,R,3,Y,
373,G-C,R,744,G,C,753,R,3,Y,
374,G+A,R,745,G,A,750,R,2,N,
375,A-G,R,746,A,G,748,R,1,N,
376,C-G,R,1774,C,G,729,R,3,Y,
377,U+A,R,1775,U,A,764,R,2,N,
378,G-C,R,1776,G,C,1788,R,3,Y,
379,U-A,R,1777,U,A,1787,R,2,Y,
380,U-A,R,1778,U,A,1785,R,2,N,
381,U-A,R,1779,U,A,1784,R,2,N,
382,A-U,R,752,A,U,2609,R,2,Y,
383,G-U,R,831,G,U,826,R,2,N,
384,G-C,R,832,G,C,825,R,3,Y,
385,U-A,R,833,U,A,824,R,2,Y,
386,C-G,R,834,C,G,823,R,3,Y,
387,A-U,R,835,A,U,822,R,2,Y,
388,G-U,R,836,G,U,943,R,2,N,
389,C-G,R,837,C,G,942,R,3,Y,
390,C-G,R,838,C,G,940,R,3,Y,
391,U-G,R,839,U,G,939,R,2,N,
392,C-G,R,840,C,G,938,R,3,Y,
393,A-U,R,841,A,U,937,R,2,Y,
394,G-C,R,842,G,C,936,R,3,Y,
395,G-C,R,843,G,C,935,R,3,Y,
396,C-G,R,844,C,G,934,R,3,Y,
397,U+A,R,847,U,A,933,R,1,N,
398,G-C,R,931,G,C,846,R,3,Y,
399,A-G,R,849,A,G,929,R,2,N,
400,C-G,R,850,C,G,928,R,3,Y,
401,U-A,R,851,U,A,926,R,2,Y,
402,G-C,R,852,G,C,925,R,3,Y,
403,G-C,R,853,G,C,924,R,3,Y,
404,G-C,R,854,G,C,923,R,3,Y,
405,G-U,R,855,G,U,922,R,2,N,
406,C-G,R,856,C,G,921,R,3,Y,
407,C-G,R,857,C,G,920,R,3,Y,
408,U-G,R,858,U,G,919,R,1,N,
409,A+A,R,2268,A,A,918,R,2,N,
410,U-A,R,860,U,A,917,R,1,N,
411,A-G,R,861,A,G,916,R,2,N,
412,G-C,R,862,G,C,915,R,3,Y,
413,A-U,R,863,A,U,913,R,2,Y,
414,G-C,R,864,G,C,912,R,3,Y,
415,C+C,R,865,C,C,867,R,1,N,
416,U-A,R,868,U,A,909,R,2,Y,
417,G-C,R,869,G,C,908,R,3,Y,
418,A-U,R,870,A,U,907,R,2,Y,
419,U-G,R,871,U,G,906,R,1,N,
420,A-U,R,872,A,U,905,R,2,Y,
421,G-C,R,873,G,C,904,R,2,Y,
422,G-C,R,874,G,C,903,R,3,Y,
423,G-C,R,875,G,C,902,R,2,Y,
424,C-A,R,876,C,A,901,R,1,N,
425,U-A,R,877,U,A,900,R,2,N,
426,A+A,R,878,A,A,899,R,2,N,
427,G-C,R,879,G,C,898,R,1,Y,
428,G-C,R,880,G,C,897,R,3,Y,
429,G-U,R,881,G,U,895,R,2,N,
430,G-C,R,882,G,C,894,R,3,Y,
431,G-C,R,883,G,C,893,R,3,Y,
432,C-G,R,884,C,G,892,R,2,N,
433,G-A,R,974,G,A,990,R,2,N,
434,G-G,R,975,G,G,989,R,1,N,
435,C-G,R,976,C,G,987,R,3,Y,
436,G-C,R,977,G,C,986,R,3,Y,
437,G-C,R,978,G,C,985,R,3,Y,
438,A+C,R,1009,A,C,1008,R,1,N,
439,G-C,R,1136,G,C,1007,R,3,Y,
440,G-C,R,1137,G,C,1006,R,3,Y,
441,G-C,R,1138,G,C,1005,R,3,Y,
442,A+U,R,1143,A,U,1012,R,2,N,
443,A-U,R,1021,A,U,1141,R,2,N,
444,G+U,R,1022,G,U,1023,R,2,N,
445,A+A,R,1028,A,A,1126,R,2,N,
446,A-G,R,1029,A,G,1125,R,2,N,
447,G-C,R,1030,G,C,1124,R,3,Y,
448,G-C,R,1031,G,C,1123,R,3,Y,
449,A-G,R,1032,A,G,1122,R,1,N,
450,G-C,R,1034,G,C,1121,R,3,Y,
451,U-G,R,1035,U,G,1120,R,2,N,
452,G-C,R,1036,G,C,1119,R,3,Y,
453,G-C,R,1037,G,C,1118,R,3,Y,
454,C-G,R,1038,C,G,1117,R,3,Y,
455,G-C,R,1039,G,C,1116,R,3,Y,
456,C-G,R,1040,C,G,1115,R,3,Y,
457,C-G,R,1041,C,G,1114,R,3,Y,
458,G-U,R,1042,G,U,1113,R,1,N,
459,C-G,R,1043,C,G,1112,R,2,Y,
460,A-G,R,1045,A,G,1047,R,3,N,
461,A-G,R,1048,A,G,1110,R,1,N,
462,C+G,R,1049,C,G,2751,R,1,N,
463,U-G,R,1108,U,G,1051,R,2,N,
464,G-C,R,1107,G,C,1052,R,3,Y,
465,C-G,R,1053,C,G,1106,R,3,Y,
466,A-U,R,1054,A,U,1105,R,2,Y,
467,G-C,R,1055,G,C,1104,R,3,Y,
468,G-A,R,1056,G,A,1103,R,1,N,
469,G-C,R,1087,G,C,1102,R,2,Y,
470,U-U,R,1090,U,U,1101,R,1,N,
471,G-C,R,1091,G,C,1100,R,3,Y,
472,C-G,R,1092,C,G,1099,R,2,Y,
473,G-A,R,1093,G,A,1098,R,1,N,
474,A-U,R,1057,A,U,1081,R,2,Y,
475,G-C,R,1058,G,C,1080,R,2,Y,
476,G-C,R,1059,G,C,1079,R,2,Y,
477,A-U,R,1073,A,U,1065,R,1,N,
478,G-C,R,1074,G,C,1064,R,3,Y,
479,C-G,R,1075,C,G,1063,R,2,Y,
480,C-G,R,1076,C,G,1062,R,2,Y,
481,A-A,R,1077,A,A,1088,R,1,N,
482,G-C,R,1144,G,C,1018,R,3,Y,
483,C-G,R,1145,C,G,1017,R,3,Y,
484,C-G,R,1146,C,G,1016,R,3,Y,
485,C-G,R,1147,C,G,1015,R,3,Y,
486,A-U,R,1148,A,U,1014,R,2,Y,
487,G-C,R,1149,G,C,1013,R,3,Y,
488,C-G,R,1150,C,G,1011,R,3,Y,
489,G-C,R,1151,G,C,1004,R,3,Y,
490,C-G,R,1152,C,G,1003,R,3,Y,
491,C-G,R,1153,C,G,1002,R,3,Y,
492,G-A,R,1154,G,A,1001,R,2,N,
493,A-U,R,1155,A,U,999,R,2,N,
494,G-C,R,1157,G,C,998,R,3,Y,
495,C-G,R,1158,C,G,997,R,3,Y,
496,U-A,R,1159,U,A,996,R,2,Y,
497,G-C,R,1160,G,C,994,R,3,Y,
498,C-G,R,1161,C,G,993,R,3,Y,
499,G-C,R,1162,G,C,992,R,3,Y,
500,G-C,R,1163,G,C,991,R,3,Y,
501,G-C,R,1164,G,C,1185,R,3,Y,
502,U-G,R,1165,U,G,1184,R,2,N,
503,C-G,R,1166,C,G,1183,R,3,Y,
504,U-A,R,1167,U,A,1182,R,2,Y,
505,G-C,R,1168,G,C,1181,R,3,Y,
506,G-C,R,1169,G,C,1180,R,2,Y,
507,G-C,R,1170,G,C,1179,R,3,Y,
508,G-C,R,1171,G,C,1178,R,3,Y,
509,A-G,R,960,A,G,956,R,1,N,
510,G-C,R,962,G,C,955,R,3,Y,
511,U-G,R,963,U,G,954,R,2,N,
512,C-A,R,964,C,A,953,R,2,N,
513,C-G,R,965,C,G,952,R,3,Y,
514,G-C,R,966,G,C,951,R,3,Y,
515,C-G,R,967,C,G,950,R,3,Y,
516,G-C,R,968,G,C,949,R,3,Y,
517,U-G,R,969,U,G,948,R,2,N,
518,C-G,R,970,C,G,947,R,3,Y,
519,C-G,R,971,C,G,946,R,3,Y,
520,G-A,R,972,G,A,821,R,2,N,
521,A+A,R,973,A,A,820,R,2,N,
522,U-A,R,1188,U,A,819,R,2,N,
523,A-G,R,1189,A,G,818,R,2,N,
524,G-C,R,1190,G,C,817,R,3,Y,
525,G-C,R,1191,G,C,816,R,3,Y,
526,G-C,R,1192,G,C,815,R,3,Y,
527,G-C,R,1193,G,C,814,R,3,Y,
528,A-U,R,1194,A,U,813,R,2,Y,
529,G-C,R,1195,G,C,812,R,3,Y,
530,C-G,R,1196,C,G,1250,R,3,Y,
531,G-U,R,1197,G,U,1249,R,2,N,
532,U-A,R,1198,U,A,1247,R,2,Y,
533,U-A,R,1199,U,A,1246,R,2,Y,
534,C-G,R,1200,C,G,1245,R,3,Y,
535,C-G,R,1201,C,G,1244,R,3,Y,
536,C-G,R,1202,C,G,1243,R,3,Y,
537,G-A,R,1203,G,A,1242,R,2,N,
538,A+A,R,1204,A,A,1241,R,1,N,
539,G-U,R,1206,G,U,1240,R,2,N,
540,C-G,R,1207,C,G,1239,R,3,Y,
541,C-G,R,1208,C,G,1238,R,3,Y,
542,G+A,R,1209,G,A,1210,R,2,N,
543,G-A,R,1212,G,A,1237,R,2,N,
544,A-G,R,1213,A,G,1236,R,2,N,
545,A-G,R,1214,A,G,1235,R,2,N,
546,G-U,R,1215,G,U,1234,R,2,N,
547,G-C,R,1216,G,C,1233,R,3,Y,
548,C-G,R,1217,C,G,1232,R,3,Y,
549,C-G,R,1218,C,G,1231,R,3,Y,
550,G-C,R,1219,G,C,1230,R,3,Y,
551,C-G,R,1221,C,G,1229,R,3,Y,
552,C-G,R,1222,C,G,1229,R,3,Y,
553,C-G,R,1223,C,G,1228,R,3,Y,
554,G-A,R,1224,G,A,1227,R,1,N,
555,G+C,R,1271,G,C,1615,R,2,N,
556,U-G,R,1329,U,G,1283,R,3,N,
557,A-U,R,1286,A,U,1282,R,2,N,
558,C-G,R,1289,C,G,1281,R,3,Y,
559,C-G,R,1290,C,G,1280,R,3,Y,
560,C-G,R,1291,C,G,1279,R,3,Y,
561,U-A,R,1292,U,A,1278,R,2,Y,
562,C-G,R,1293,C,G,1277,R,3,Y,
563,U-A,R,1294,U,A,1276,R,2,Y,
564,C-G,R,1295,C,G,1645,R,3,Y,
565,G-C,R,1296,G,C,1644,R,3,Y,
566,C-G,R,1297,C,G,1643,R,3,Y,
567,C-G,R,1298,C,G,1642,R,3,Y,
568,G-A,R,1299,G,A,1641,R,2,N,
569,G-U,R,1627,G,U,1639,R,2,N,
570,G-C,R,1628,G,C,1638,R,3,Y,
571,U-A,R,1629,U,A,1637,R,2,Y,
572,G-C,R,1630,G,C,1636,R,3,Y,
573,C-G,R,1630,C,G,1635,R,3,Y,
574,A-A,R,1632,A,A,1762,R,1,N,
575,U-C,R,1757,U,C,1761,R,1,N,
576,C-G,R,1314,C,G,1338,R,3,Y,
577,C-G,R,1315,C,G,1337,R,3,Y,
578,U-A,R,1316,U,A,1336,R,2,Y,
579,A-U,R,1317,A,U,1335,R,2,Y,
580,C-G,R,1318,C,G,1334,R,3,Y,
581,G-C,R,1319,G,C,1333,R,3,Y,
582,C+A,R,1320,C,A,1322,R,1,N,
583,U-A,R,1323,U,A,1331,R,2,Y,
584,G-C,R,1324,G,C,1330,R,3,Y,
585,G+C,R,1647,G,C,1327,R,2,N,
586,U+U,R,1288,U,U,1326,R,2,N,
587,A+G,R,1301,A,G,1626,R,2,N,
588,G-C,R,1303,G,C,1625,R,3,Y,
589,C-G,R,1304,C,G,1624,R,3,Y,
590,C-G,R,1305,C,G,1623,R,3,Y,
591,C-G,R,1306,C,G,1622,R,3,Y,
592,A+A,R,1308,A,A,1608,R,2,N,
593,G-C,R,1309,G,C,1605,R,3,Y,
594,G-C,R,1310,G,C,1604,R,3,Y,
595,U-A,R,1313,U,A,1603,R,2,Y,
596,U+U,R,1340,U,U,1312,R,1,N,
597,U+U,R,1394,U,U,1341,R,2,N,
598,A-U,R,1395,A,U,1390,R,2,N,
599,C-G,R,1398,C,G,1389,R,3,Y,
600,C-G,R,1399,C,G,1388,R,3,Y,
601,G-C,R,1400,G,C,1387,R,3,Y,
602,G-C,R,1401,G,C,1386,R,3,Y,
603,C-G,R,1402,C,G,1385,R,3,Y,
604,C-G,R,1403,C,G,1344,R,3,Y,
605,C-G,R,1404,C,G,1343,R,3,Y,
606,U-A,R,1405,U,A,1597,R,2,Y,
607,U-A,R,1406,U,A,1596,R,2,Y,
608,C-G,R,1407,C,G,1595,R,3,Y,
609,C-G,R,1408,C,G,1594,R,3,Y,
610,C-G,R,1409,C,G,1593,R,3,Y,
611,G-C,R,1410,G,C,1592,R,3,Y,
612,C-G,R,1411,C,G,1591,R,3,Y,
613,A-U,R,1412,A,U,1590,R,2,Y,
614,G-C,R,1413,G,C,1589,R,3,Y,
615,G-C,R,1414,G,C,1588,R,3,Y,
616,U-A,R,1415,U,A,1587,R,2,Y,
617,A-U,R,1342,A,U,1602,R,3,N,
618,C-G,R,1345,C,G,1601,R,3,Y,
619,G-C,R,1346,G,C,1600,R,3,Y,
620,G-C,R,1347,G,C,1599,R,3,Y,
621,G-C,R,1348,G,C,1598,R,3,Y,
622,C-G,R,1350,C,G,1381,R,3,Y,
623,C-G,R,1351,C,G,1380,R,3,Y,
624,U-A,R,1352,U,A,1378,R,2,N,
625,A-G,R,1354,A,G,1377,R,2,N,
626,G-C,R,1355,G,C,1376,R,3,Y,
627,G-C,R,1356,G,C,1375,R,3,Y,
628,U-G,R,1357,U,G,1374,R,2,N,
629,G-A,R,1358,G,A,1373,R,2,N,
630,A-U,R,1359,A,U,1372,R,1,N,
631,A-G,R,1360,A,G,1371,R,2,N,
632,G-C,R,1361,G,C,1370,R,3,Y,
633,C-G,R,1362,C,G,1369,R,3,Y,
634,C-G,R,1363,C,G,1368,R,3,Y,
635,G-A,R,1364,G,A,1367,R,1,N,
636,U-A,R,1391,U,A,1393,R,3,N,
637,G-C,R,1416,G,C,1582,R,2,Y,
638,C-G,R,1417,C,G,1581,R,2,Y,
639,G-A,R,1418,G,A,1580,R,2,N,
640,A-U,R,1419,A,U,1578,R,2,N,
641,G-C,R,1421,G,C,1577,R,3,Y,
642,G-U,R,1422,G,U,1576,R,2,N,
643,G-C,R,1423,G,C,1575,R,3,Y,
644,G-C,R,1424,G,C,1574,R,3,Y,
645,G-G,R,1425,G,G,1573,R,2,N,
646,G-A,R,1426,G,A,1572,R,2,N,
647,A+A,R,1427,A,A,1571,R,1,N,
648,C-A,R,1428,C,A,1570,R,1,N,
649,G-C,R,1459,G,C,1451,R,3,Y,
650,G-C,R,1461,G,C,1450,R,3,Y,
651,C-G,R,1462,C,G,1449,R,3,Y,
652,C-G,R,1463,C,G,1448,R,3,Y,
653,C-G,R,1464,C,G,1447,R,3,Y,
654,G-C,R,1465,G,C,1446,R,3,Y,
655,G-C,R,1466,G,C,1445,R,3,Y,
656,C-G,R,1547,C,G,1444,R,3,Y,
657,C-G,R,1548,C,G,1443,R,2,Y,
658,C-G,R,1549,C,G,1442,R,3,Y,
659,C-G,R,1550,C,G,1441,R,3,Y,
660,C-G,R,1551,C,G,1440,R,3,Y,
661,G-A,R,1552,G,A,1439,R,2,N,
662,A-U,R,1553,A,U,1438,R,2,N,
663,G-C,R,1555,G,C,1437,R,3,Y,
664,C-G,R,1556,C,G,1436,R,3,Y,
665,C-G,R,1557,C,G,1435,R,3,Y,
666,A-A,R,1558,A,A,1434,R,1,N,
667,G-U,R,1560,G,U,1433,R,2,N,
668,G-C,R,1561,G,C,1432,R,3,Y,
669,A-U,R,1562,A,U,1431,R,2,Y,
670,G-C,R,1563,G,C,1430,R,3,Y,
671,C-G,R,1564,C,G,1429,R,3,Y,
672,C-G,R,1565,C,G,1568,R,3,Y,
673,A-A,R,1453,A,A,1457,R,1,N,
674,C-G,R,2703,C,G,1456,R,3,Y,
675,C-G,R,2704,C,G,1455,R,3,Y,
676,A+U,R,2705,A,U,2702,R,1,N,
677,G-C,R,2706,G,C,2701,R,3,Y,
678,G-C,R,2707,G,C,2700,R,3,Y,
679,G-C,R,2708,G,C,2699,R,3,Y,
680,G-U,R,2709,G,U,2698,R,2,N,
681,C-G,R,2710,C,G,2697,R,3,Y,
682,A-U,R,2711,A,U,2696,R,2,Y,
683,G-C,R,2714,G,C,2695,R,3,Y,
684,C-G,R,2715,C,G,2694,R,3,Y,
685,U-A,R,2716,U,A,2693,R,2,Y,
686,G-C,R,2717,G,C,2692,R,3,Y,
687,G-C,R,2718,G,C,2691,R,3,Y,
688,G+G,R,2719,G,G,2872,R,1,N,
689,U+A,R,2720,U,A,2873,R,2,N,
690,G-U,R,1512,G,U,1482,R,3,N,
691,C-G,R,1513,C,G,1480,R,2,Y,
692,U-G,R,1514,U,G,1479,R,1,N,
693,C-G,R,1515,C,G,1478,R,3,Y,
694,U-A,R,1516,U,A,1477,R,2,Y,
695,G-C,R,1517,G,C,1476,R,3,Y,
696,C-G,R,1518,C,G,1475,R,3,Y,
697,G-C,R,1519,G,C,1474,R,3,Y,
698,U-G,R,1520,U,G,1473,R,2,N,
699,G-A,R,1521,G,A,1472,R,2,N,
700,G-G,R,1522,G,G,1470,R,2,N,
701,U-A,R,1523,U,A,1469,R,2,Y,
702,G-C,R,1524,G,C,1468,R,3,Y,
703,G-C,R,1525,G,C,1467,R,2,Y,
704,G-C,R,1526,G,C,1546,R,3,Y,
705,G-A,R,1527,G,A,1545,R,2,N,
706,A+A,R,1528,A,A,1543,R,1,N,
707,A-G,R,1529,A,G,1542,R,2,N,
708,G-U,R,1530,G,U,1541,R,2,N,
709,C-G,R,1531,C,G,1540,R,3,Y,
710,C-G,R,1532,C,G,1539,R,3,Y,
711,C-G,R,1533,C,G,1538,R,3,Y,
712,G-C,R,1483,G,C,1506,R,3,Y,
713,G-C,R,1484,G,C,1505,R,3,Y,
714,G-C,R,1485,G,C,1504,R,3,Y,
715,A-U,R,1486,A,U,1503,R,2,Y,
716,G-C,R,1487,G,C,1502,R,3,Y,
717,G-C,R,1488,G,C,1501,R,3,Y,
718,U-G,R,1489,U,G,1500,R,2,N,
719,G-C,R,1491,G,C,1499,R,3,Y,
720,G-C,R,1492,G,C,1498,R,3,Y,
721,A-A,R,1554,A,A,1634,R,2,N,
722,C-G,R,1611,C,G,1620,R,3,Y,
723,C-G,R,1612,C,G,1619,R,3,Y,
724,U+G,R,1267,U,G,1266,R,2,N,
725,A-G,R,1268,A,G,2012,R,2,N,
726,A-U,R,1269,A,U,2011,R,2,Y,
727,C-G,R,1270,C,G,2010,R,3,Y,
728,C-G,R,1648,C,G,2009,R,3,Y,
729,G-C,R,1649,G,C,2008,R,3,Y,
730,G-C,R,1650,G,C,2007,R,3,Y,
731,G-C,R,1651,G,C,2006,R,3,Y,
732,A-A,R,1655,A,A,2005,R,1,N,
733,C-G,R,1656,C,G,2004,R,3,Y,
734,C-G,R,1657,C,G,2003,R,3,Y,
735,C-G,R,1658,C,G,2002,R,3,Y,
736,U-A,R,1659,U,A,2001,R,2,Y,
737,C-G,R,1660,C,G,2000,R,3,Y,
738,G-C,R,1661,G,C,1999,R,3,Y,
739,C-G,R,1662,C,G,1998,R,3,Y,
740,C-G,R,1663,C,G,1997,R,3,Y,
741,A+C,R,1664,A,C,1996,R,2,N,
742,A-U,R,1665,A,U,1995,R,2,Y,
743,G-C,R,1666,G,C,1994,R,3,Y,
744,A-U,R,1669,A,U,1993,R,2,Y,
745,U-A,R,1991,U,A,1668,R,2,N,
746,G-C,R,1674,G,C,1990,R,3,Y,
747,G-C,R,1764,G,C,1988,R,3,Y,
748,C-G,R,1765,C,G,1987,R,3,Y,
749,U-A,R,1766,U,A,1986,R,2,Y,
750,C-G,R,1767,C,G,1985,R,3,Y,
751,U-G,R,1768,U,G,1984,R,2,N,
752,G-C,R,1769,G,C,1983,R,3,Y,
753,G-C,R,1770,G,C,1982,R,3,Y,
754,C-G,R,1771,C,G,1980,R,3,Y,
755,G-C,R,1772,G,C,1979,R,3,Y,
756,U-G,R,1680,U,G,1763,R,1,N,
757,G-U,R,1682,G,U,1706,R,2,N,
758,C-G,R,1683,C,G,1705,R,3,Y,
759,C-G,R,1684,C,G,1704,R,3,Y,
760,C-G,R,1685,C,G,1703,R,3,Y,
761,C-G,R,1686,C,G,1702,R,3,Y,
762,G-A,R,1687,G,A,1701,R,2,N,
763,U-A,R,1688,U,A,1700,R,4,N,
764,A-A,R,1689,A,A,1698,R,3,N,
765,A-G,R,1690,A,G,1697,R,2,N,
766,C-G,R,1691,C,G,1696,R,3,Y,
767,U+G,R,1692,U,G,1695,R,2,N,
768,G-U,R,1733,G,U,1727,R,2,N,
769,C-G,R,1734,C,G,1726,R,3,Y,
770,C-G,R,1735,C,G,1725,R,3,Y,
771,C-G,R,1741,C,G,1718,R,3,Y,
772,C-G,R,1742,C,G,1717,R,3,Y,
773,G-U,R,1743,G,U,1716,R,2,N,
774,G-C,R,1746,G,C,1712,R,3,Y,
775,G-C,R,1747,G,C,1711,R,3,Y,
776,G-C,R,1748,G,C,1710,R,3,Y,
777,A-U,R,1749,A,U,1709,R,2,Y,
778,G-C,R,1750,G,C,1708,R,3,Y,
779,C-G,R,1751,C,G,1707,R,3,Y,
780,C-G,R,1752,C,G,1756,R,3,Y,
781,A+A,R,1773,A,A,1977,R,1,N,
782,A-U,R,1829,A,U,1693,R,2,Y,
783,C-G,R,1830,C,G,1975,R,3,Y,
784,G-C,R,1831,G,C,1974,R,3,Y,
785,C-G,R,1832,C,G,1973,R,3,Y,
786,U-A,R,1833,U,A,1972,R,2,Y,
787,U+A,R,1834,U,A,1970,R,3,N,
788,C+C,R,2586,C,C,1782,R,2,N,
789,A-G,R,2587,A,G,2608,R,2,N,
790,A-G,R,1783,A,G,2607,R,2,N,
791,G-C,R,2588,G,C,2606,R,3,Y,
792,A-U,R,2589,A,U,2605,R,1,Y,
793,A-U,R,2590,A,U,2604,R,2,Y,
794,C-G,R,2591,C,G,2603,R,3,Y,
795,G-C,R,2592,G,C,2601,R,3,Y,
796,U-A,R,2593,U,A,2600,R,2,Y,
797,C-G,R,2594,C,G,2599,R,3,Y,
798,G-A,R,2595,G,A,2598,R,1,N,
799,A-G,R,1791,A,G,1828,R,2,N,
800,G-C,R,1792,G,C,1827,R,3,Y,
801,C-G,R,1793,C,G,1826,R,3,Y,
802,U-A,R,1794,U,A,1825,R,2,Y,
803,C-G,R,1795,C,G,1824,R,3,Y,
804,U-G,R,1796,U,G,1823,R,2,N,
805,C-G,R,1797,C,G,1822,R,3,Y,
806,U-A,R,1798,U,A,1821,R,2,Y,
807,G+U,R,1799,G,U,1818,R,1,N,
808,C+G,R,1800,C,G,1817,R,2,N,
809,A+A,R,1802,A,A,1815,R,2,N,
810,A-G,R,1803,A,G,1814,R,2,N,
811,C-G,R,1804,C,G,1813,R,3,Y,
812,U-A,R,1805,U,A,1812,R,2,Y,
813,C-G,R,1806,C,G,1811,R,3,Y,
814,G-A,R,1807,G,A,1810,R,1,N,
815,A-G,R,1872,A,G,1869,R,2,N,
816,G-U,R,1878,G,U,1864,R,2,N,
817,C-G,R,1879,C,G,1863,R,3,Y,
818,C-G,R,1880,C,G,1862,R,3,Y,
819,C-G,R,1881,C,G,1861,R,3,Y,
820,C-G,R,1882,C,G,1860,R,3,Y,
821,G-A,R,1883,G,A,1859,R,2,N,
822,A-G,R,1884,A,G,1858,R,2,N,
823,A-G,R,1885,A,G,1857,R,2,N,
824,C-G,R,1886,C,G,1856,R,3,Y,
825,C-G,R,1887,C,G,1855,R,3,Y,
826,G+A,R,1888,G,A,1854,R,1,N,
827,A-C,R,1890,A,C,1852,R,1,N,
828,G-U,R,1891,G,U,1851,R,2,N,
829,C-G,R,1892,C,G,1850,R,3,Y,
830,C-G,R,1893,C,G,1849,R,3,Y,
831,C-G,R,1894,C,G,1846,R,3,Y,
832,C-G,R,1895,C,G,1845,R,3,Y,
833,G-C,R,1896,G,C,1844,R,3,Y,
834,G-C,R,1897,G,C,1843,R,3,Y,
835,U-G,R,1898,U,G,1842,R,2,N,
836,A-U,R,1901,A,U,1841,R,2,Y,
837,C-G,R,1902,C,G,1840,R,3,Y,
838,G-C,R,1903,G,C,1837,R,3,Y,
839,G-C,R,1904,G,C,1836,R,3,Y,
840,C-G,R,1905,C,G,1835,R,3,Y,
841,U-G,R,1931,U,G,1930,R,2,N,
842,A-G,R,1932,A,G,1968,R,2,N,
843,G-C,R,1933,G,C,1967,R,3,Y,
844,C-G,R,1934,C,G,1964,R,3,Y,
845,U-A,R,1917,U,A,1912,R,2,N,
846,A+A,R,1919,A,A,1918,R,2,N,
847,C-G,R,1920,C,G,1910,R,3,Y,
848,G-C,R,1921,G,C,1909,R,3,Y,
849,G-C,R,1922,G,C,1908,R,3,Y,
850,U-G,R,1923,U,G,1907,R,2,N,
851,C-G,R,1924,C,G,1906,R,3,Y,
852,C-G,R,1925,C,G,1929,R,1,N,
853,C+U,R,1942,C,U,1940,R,1,N,
854,U+A,R,1943,U,A,1936,R,2,N,
855,G-C,R,1945,G,C,1961,R,3,Y,
856,U-A,R,1946,U,A,1960,R,2,Y,
857,C-G,R,1947,C,G,1959,R,3,Y,
858,G-C,R,1948,G,C,1958,R,3,Y,
859,G-C,R,1949,G,C,1957,R,3,Y,
860,C+U,R,2556,C,U,1955,R,1,N,
861,G-C,R,2557,G,C,2551,R,3,Y,
862,C-G,R,2558,C,G,2550,R,3,Y,
863,C-G,R,2559,C,G,2549,R,3,Y,
864,C-G,R,2560,C,G,2548,R,3,Y,
865,A-U,R,2561,A,U,2547,R,2,Y,
866,U-A,R,2562,U,A,2566,R,2,N,
867,U-A,R,2563,U,A,2565,R,3,N,
868,U-A,R,2615,U,A,2054,R,2,Y,
869,C-G,R,2616,C,G,2053,R,3,Y,
870,C-G,R,2617,C,G,2052,R,3,Y,
871,G-C,R,2618,G,C,2050,R,3,Y,
872,C-G,R,2619,C,G,2049,R,3,Y,
873,C-G,R,2620,C,G,2048,R,3,Y,
874,A-U,R,2621,A,U,2047,R,2,Y,
875,C-G,R,2622,C,G,2046,R,3,Y,
876,G-C,R,2623,G,C,2045,R,3,Y,
877,G-C,R,2624,G,C,2044,R,3,Y,
878,G-C,R,2625,G,C,2043,R,3,Y,
879,C-G,R,2626,C,G,2777,R,3,Y,
880,G+A,R,2627,G,A,2781,R,2,N,
881,A-U,R,2057,A,U,2611,R,2,Y,
882,U+A,R,2068,U,A,2430,R,2,N,
883,A+U,R,2227,A,U,2092,R,1,N,
884,G-U,R,2228,G,U,2091,R,2,N,
885,C-G,R,2229,C,G,2090,R,3,Y,
886,G-U,R,2230,G,U,2089,R,2,N,
887,C-G,R,2231,C,G,2088,R,3,Y,
888,U-G,R,2232,U,G,2087,R,2,N,
889,U-U,R,2233,U,U,2086,R,2,N,
890,G-C,R,2234,G,C,2085,R,3,Y,
891,G-C,R,2235,G,C,2084,R,3,Y,
892,C-G,R,2236,C,G,2083,R,3,Y,
893,G-A,R,2237,G,A,2082,R,2,N,
894,G-C,R,2239,G,C,2081,R,3,Y,
895,C-G,R,2240,C,G,2080,R,3,Y,
896,A-U,R,2241,A,U,2079,R,2,Y,
897,G-C,R,2242,G,C,2078,R,3,Y,
898,U-A,R,2243,U,A,2077,R,2,Y,
899,A-U,R,2435,A,U,2074,R,2,Y,
900,G-C,R,2436,G,C,2073,R,3,Y,
901,U-G,R,2437,U,G,2072,R,2,N,
902,U-A,R,2438,U,A,2071,R,2,Y,
903,C-G,R,2441,C,G,2070,R,3,Y,
904,C-G,R,2442,C,G,2069,R,3,Y,
905,C-G,R,2443,C,G,2067,R,3,Y,
906,G-C,R,2444,G,C,2066,R,3,Y,
907,G-C,R,2445,G,C,2065,R,3,Y,
908,G-C,R,2446,G,C,2064,R,3,Y,
909,A-C,R,2450,A,C,2501,R,2,N,
910,A-G,R,2451,A,G,2061,R,2,N,
911,C-U,R,2452,C,U,2504,R,2,N,
912,A-U,R,2453,A,U,2500,R,2,Y,
913,C+C,R,2055,C,C,2499,R,1,N,
914,G-C,R,2454,G,C,2498,R,3,Y,
915,G-C,R,2455,G,C,2496,R,3,Y,
916,C-G,R,2456,C,G,2495,R,3,Y,
917,U-G,R,2457,U,G,2494,R,2,N,
918,A-U,R,2459,A,U,2493,R,2,Y,
919,U-U,R,2460,U,U,2492,R,2,N,
920,C-G,R,2461,C,G,2489,R,3,Y,
921,U-A,R,2462,U,A,2488,R,2,Y,
922,C-G,R,2463,C,G,2487,R,3,Y,
923,C-G,R,2464,C,G,2486,R,3,Y,
924,C-G,R,2465,C,G,2485,R,3,Y,
925,C-G,R,2466,C,G,2484,R,3,Y,
926,C-C,R,2467,C,C,2483,R,1,N,
927,U-U,R,2113,U,U,2167,R,1,N,
928,A-G,R,2173,A,G,2125,R,2,N,
929,C-G,R,2174,C,G,2124,R,3,Y,
930,C-G,R,2175,C,G,2123,R,1,Y,
931,A-U,R,2176,A,U,2122,R,2,N,
932,C-G,R,2177,C,G,2121,R,3,Y,
933,C-G,R,2178,C,G,2120,R,2,Y,
934,C-G,R,2179,C,G,2110,R,3,Y,
935,U-U,R,2180,U,U,2109,R,2,N,
936,G-C,R,2181,G,C,2108,R,2,Y,
937,G-C,R,2182,G,C,2107,R,2,Y,
938,C-G,R,2183,C,G,2106,R,3,Y,
939,G-C,R,2184,G,C,2105,R,3,Y,
940,C-G,R,2185,C,G,2104,R,3,Y,
941,G-C,R,2186,G,C,2103,R,3,Y,
942,G-U,R,2187,G,U,2102,R,2,N,
943,C-G,R,2188,C,G,2101,R,3,Y,
944,U-G,R,2189,U,G,2100,R,2,N,
945,G-U,R,2190,G,U,2099,R,2,N,
946,G-U,R,2191,G,U,2098,R,2,N,
947,G-C,R,2192,G,C,2097,R,3,Y,
948,G-U,R,2193,G,U,2096,R,2,N,
949,G-C,R,2194,G,C,2095,R,3,Y,
950,C-G,R,2195,C,G,2094,R,3,Y,
951,C-G,R,2196,C,G,2093,R,3,Y,
952,U-A,R,2197,U,A,2225,R,2,N,
953,A-G,R,2199,A,G,2224,R,2,N,
954,C-G,R,2205,C,G,2219,R,3,Y,
955,C-G,R,2206,C,G,2218,R,3,Y,
956,C-G,R,2207,C,G,2217,R,3,Y,
957,U-G,R,2208,U,G,2216,R,2,N,
958,C-G,R,2209,C,G,2215,R,3,Y,
959,G-C,R,2127,G,C,2161,R,2,Y,
960,C-G,R,2128,C,G,2160,R,3,Y,
961,C-G,R,2129,C,G,2159,R,3,Y,
962,G-A,R,2133,G,A,2158,R,2,N,
963,A-G,R,2134,A,G,2157,R,3,N,
964,A-G,R,2135,A,G,2156,R,1,N,
965,C-G,R,2136,C,G,2155,R,3,Y,
966,C-G,R,2137,C,G,2154,R,3,Y,
967,C-G,R,2138,C,G,2153,R,3,Y,
968,C-G,R,2139,C,G,2152,R,2,Y,
969,C-G,R,2140,C,G,2151,R,3,Y,
970,G-U,R,2141,G,U,2150,R,2,N,
971,C-G,R,2142,C,G,2149,R,3,Y,
972,C-G,R,2143,C,G,2148,R,3,Y,
973,U-G,R,2144,U,G,2147,R,1,N,
974,G-C,R,2246,G,C,2258,R,3,Y,
975,A-U,R,2247,A,U,2257,R,2,Y,
976,C-G,R,2248,C,G,2256,R,3,Y,
977,C-G,R,2275,C,G,2255,R,3,Y,
978,U+A,R,2272,U,A,2267,R,2,N,
979,A+A,R,2273,A,A,2266,R,2,N,
980,A-U,R,2274,A,U,2265,R,1,N,
981,G-C,R,2276,G,C,2264,R,3,Y,
982,G-C,R,2277,G,C,2263,R,3,Y,
983,A-U,R,2278,A,U,2262,R,2,Y,
984,G-C,R,2279,G,C,2261,R,3,Y,
985,G-C,R,2280,G,C,2260,R,3,Y,
986,C-G,R,2281,C,G,2259,R,3,Y,
987,G-C,R,2282,G,C,2427,R,3,Y,
988,U+A,R,2390,U,A,2425,R,1,N,
989,G-C,R,2383,G,C,2285,R,3,Y,
990,G-C,R,2384,G,C,2284,R,3,Y,
991,G-C,R,2325,G,C,2283,R,3,Y,
992,C-G,R,2326,C,G,2389,R,3,Y,
993,A-U,R,2287,A,U,2344,R,1,N,
994,G-C,R,2289,G,C,2343,R,3,Y,
995,G-C,R,2290,G,C,2342,R,3,Y,
996,U-G,R,2291,U,G,2341,R,2,N,
997,C-G,R,2292,C,G,2340,R,3,Y,
998,C-G,R,2293,C,G,2339,R,3,Y,
999,C-G,R,2294,C,G,2338,R,3,Y,
1000,C-G,R,2295,C,G,2337,R,3,Y,
1001,U+A,R,2296,U,A,2333,R,1,N,
1002,A+A,R,2322,A,A,2335,R,2,N,
1003,C-G,R,2297,C,G,2321,R,3,Y,
1004,A+G,R,2298,A,G,2318,R,1,N,
1005,G-C,R,2299,G,C,2317,R,3,Y,
1006,G-C,R,2300,G,C,2316,R,3,Y,
1007,C-G,R,2301,C,G,2315,R,3,Y,
1008,G-C,R,2302,G,C,2314,R,3,Y,
1009,G-C,R,2303,G,C,2313,R,3,Y,
1010,G-U,R,2304,G,U,2312,R,2,N,
1011,G-A,R,2308,G,A,2311,R,1,N,
1012,G-U,R,2323,G,U,2332,R,2,N,
1013,C-G,R,2324,C,G,2331,R,3,Y,
1014,C-G,R,2385,C,G,2330,R,3,Y,
1015,C-G,R,2386,C,G,2329,R,3,Y,
1016,U-A,R,2387,U,A,2328,R,2,Y,
1017,A-C,R,2361,A,C,2356,R,1,N,
1018,G-C,R,2362,G,C,2355,R,3,Y,
1019,C-G,R,2363,C,G,2354,R,3,Y,
1020,C-G,R,2364,C,G,2353,R,3,Y,
1021,G-A,R,2365,G,A,2352,R,2,N,
1022,A-G,R,2366,A,G,2351,R,2,N,
1023,G-C,R,2367,G,C,2350,R,3,Y,
1024,C-G,R,2368,C,G,2349,R,3,Y,
1025,A-U,R,2369,A,U,2348,R,2,Y,
1026,G-C,R,2370,G,C,2347,R,3,Y,
1027,G+G,R,2371,G,G,2345,R,2,N,
1028,G-C,R,2372,G,C,2381,R,3,Y,
1029,G-C,R,2373,G,C,2380,R,3,Y,
1030,C-G,R,2374,C,G,2379,R,3,Y,
1031,G-A,R,2375,G,A,2378,R,1,N,
1032,C-G,R,2359,C,G,2428,R,3,Y,
1033,G-A,R,2468,G,A,2476,R,1,N,
1034,A+G,R,2469,A,G,2481,R,3,N,
1035,G-C,R,2470,G,C,2480,R,3,Y,
1036,C-G,R,2471,C,G,2479,R,3,Y,
1037,G-A,R,2472,G,A,2478,R,2,N,
1038,G+C,R,2529,G,C,2475,R,1,N,
1039,G-U,R,2576,G,U,2506,R,2,N,
1040,C+G,R,2610,C,G,2505,R,2,N,
1041,U-G,R,2580,U,G,2508,R,2,N,
1042,C-G,R,2507,C,G,2582,R,3,Y,
1043,G-C,R,2509,G,C,2579,R,3,Y,
1044,C-G,R,2510,C,G,2578,R,3,Y,
1045,U-C,R,2511,U,C,2575,R,2,N,
1046,C-G,R,2512,C,G,2574,R,3,Y,
1047,G-C,R,2513,G,C,2571,R,3,Y,
1048,U-G,R,2514,U,G,2570,R,2,N,
1049,C-G,R,2515,C,G,2569,R,3,Y,
1050,G-C,R,2516,G,C,2568,R,3,Y,
1051,C-G,R,2517,C,G,2567,R,3,Y,
1052,C-G,R,2520,C,G,2545,R,3,Y,
1053,C-G,R,2521,C,G,2544,R,3,Y,
1054,U-G,R,2522,U,G,2543,R,2,N,
1055,A-A,R,2765,A,A,2541,R,2,N,
1056,G-C,R,2523,G,C,2540,R,3,Y,
1057,G-C,R,2524,G,C,2539,R,3,Y,
1058,G-C,R,2525,G,C,2538,R,3,Y,
1059,G-U,R,2526,G,U,2537,R,2,N,
1060,C-G,R,2527,C,G,2536,R,3,Y,
1061,U-G,R,2528,U,G,2535,R,2,N,
1062,A+A,R,2662,A,A,2531,R,2,N,
1063,G-C,R,2663,G,C,2658,R,3,Y,
1064,G-A,R,2664,G,A,2657,R,2,N,
1065,A+U,R,2665,A,U,2656,R,2,N,
1066,C-U,R,2667,C,U,2653,R,1,N,
1067,G-C,R,2668,G,C,2652,R,3,Y,
1068,G-C,R,2669,G,C,2651,R,2,Y,
1069,A-U,R,2670,A,U,2650,R,2,Y,
1070,A-U,R,2671,A,U,2649,R,2,Y,
1071,G-C,R,2672,G,C,2648,R,3,Y,
1072,G-U,R,2673,G,U,2647,R,2,N,
1073,G-C,R,2674,G,C,2646,R,3,Y,
1074,A-G,R,2675,A,G,2732,R,2,N,
1075,C-G,R,2676,C,G,2731,R,3,Y,
1076,G-C,R,2677,G,C,2730,R,3,Y,
1077,C-G,R,2678,C,G,2729,R,3,Y,
1078,A-U,R,2679,A,U,2728,R,2,Y,
1079,C-G,R,2680,C,G,2727,R,3,Y,
1080,U-A,R,2684,U,A,2725,R,2,Y,
1081,G-C,R,2685,G,C,2724,R,3,Y,
1082,G-C,R,2686,G,C,2723,R,3,Y,
1083,U-G,R,2687,U,G,2722,R,2,N,
1084,C-G,R,2771,C,G,2643,R,3,Y,
1085,C-G,R,2772,C,G,2642,R,3,Y,
1086,C-G,R,2773,C,G,2641,R,3,Y,
1087,C-G,R,2774,C,G,2640,R,3,Y,
1088,A-A,R,2775,A,A,2639,R,1,N,
1089,A-G,R,2778,A,G,2638,R,2,N,
1090,A-U,R,2776,A,U,2637,R,2,N,
1091,G-U,R,2782,G,U,2636,R,2,N,
1092,G-C,R,2783,G,C,2635,R,3,Y,
1093,C-G,R,2784,C,G,2634,R,3,Y,
1094,C-G,R,2785,C,G,2633,R,3,Y,
1095,U-A,R,2786,U,A,2632,R,2,Y,
1096,C-G,R,2787,C,G,2631,R,3,Y,
1097,C-G,R,2788,C,G,2630,R,2,Y,
1098,C-G,R,2789,C,G,2894,R,2,Y,
1099,A-G,R,2734,A,G,2770,R,2,N,
1100,G-C,R,2735,G,C,2769,R,3,Y,
1101,G-C,R,2736,G,C,2768,R,3,Y,
1102,G-C,R,2737,G,C,2767,R,3,Y,
1103,A-G,R,2738,A,G,2766,R,2,N,
1104,U-A,R,2739,U,A,2764,R,2,N,
1105,A-G,R,2741,A,G,2763,R,2,N,
1106,C-G,R,2742,C,G,2762,R,3,Y,
1107,C-G,R,2743,C,G,2761,R,3,Y,
1108,G-C,R,2744,G,C,2760,R,3,Y,
1109,C-G,R,2745,C,G,2759,R,3,Y,
1110,U-U,R,2746,U,U,2756,R,1,N,
1111,G-A,R,2747,G,A,2757,R,1,N,
1112,A-U,R,2748,A,U,2754,R,2,N,
1113,A-A,R,2749,A,A,2753,R,2,N,
1114,A-G,R,2801,A,G,2795,R,2,N,
1115,G-C,R,2802,G,C,2794,R,3,Y,
1116,C-G,R,2803,C,G,2793,R,2,Y,
1117,C-G,R,2804,C,G,2792,R,2,N,
1118,G-C,R,2805,G,C,2791,R,1,Y,
1119,G-G,R,2807,G,G,2893,R,1,N,
1120,U-A,R,2808,U,A,2892,R,3,N,
1121,A-G,R,2810,A,G,2891,R,2,N,
1122,G-C,R,2811,G,C,2889,R,3,Y,
1123,G-C,R,2812,G,C,2888,R,3,Y,
1124,A-U,R,2813,A,U,2887,R,2,Y,
1125,C-G,R,2814,C,G,2886,R,3,Y,
1126,C-G,R,2815,C,G,2831,R,3,Y,
1127,C-G,R,2816,C,G,2830,R,3,Y,
1128,G-C,R,2817,G,C,2829,R,3,Y,
1129,G-C,R,2818,G,C,2828,R,3,Y,
1130,G-C,R,2819,G,C,2827,R,3,Y,
1131,A-A,R,2821,A,A,2826,R,2,N,
1132,G-A,R,2834,G,A,2883,R,2,N,
1133,U-A,R,2836,U,A,2882,R,2,Y,
1134,G-C,R,2837,G,C,2881,R,3,Y,
1135,G-C,R,2838,G,C,2880,R,3,Y,
1136,G-U,R,2839,G,U,2878,R,2,N,
1137,C-G,R,2840,C,G,2877,R,3,Y,
1138,C-G,R,2841,C,G,2876,R,3,Y,
1139,G-C,R,2842,G,C,2875,R,3,Y,
1140,G-C,R,2843,G,C,2874,R,3,Y,
1141,G-C,R,2845,G,C,2871,R,2,N,
1142,G-C,R,2846,G,C,2870,R,3,Y,
1143,U-G,R,2847,U,G,2869,R,2,N,
1144,G-A,R,2848,G,A,2868,R,2,N,
1145,A+U,R,2851,A,U,2866,R,1,N,
1146,G-U,R,2852,G,U,2865,R,2,N,
1147,C-G,R,2853,C,G,2864,R,3,Y,
1148,G-C,R,2854,G,C,2863,R,3,Y,
1149,C-G,R,2855,C,G,2862,R,3,Y,
1150,C-G,R,2856,C,G,2861,R,3,Y,
1151,G-A,R,2857,G,A,2860,R,1,N,
1152,U-A,R,1019,U,A,1142,R,2,N,
1153,G-C,R,1024,G,C,1140,R,3,Y,
1154,G+G,R,1025,G,G,1139,R,2,N,
